{
  "hash": "954dc6c8",
  "configHash": "a61b9c8d",
  "lockfileHash": "00f54339",
  "browserHash": "a3bbee77",
  "optimized": {
    "@angular/common": {
      "src": "../../../../../../node_modules/@angular/common/fesm2022/common.mjs",
      "file": "@angular_common.js",
      "fileHash": "2252c9ff",
      "needsInterop": false
    },
    "@angular/core": {
      "src": "../../../../../../node_modules/@angular/core/fesm2022/core.mjs",
      "file": "@angular_core.js",
      "fileHash": "2970dd47",
      "needsInterop": false
    },
    "@angular/forms": {
      "src": "../../../../../../node_modules/@angular/forms/fesm2022/forms.mjs",
      "file": "@angular_forms.js",
      "fileHash": "3105779d",
      "needsInterop": false
    },
    "@angular/platform-browser": {
      "src": "../../../../../../node_modules/@angular/platform-browser/fesm2022/platform-browser.mjs",
      "file": "@angular_platform-browser.js",
      "fileHash": "b753dfc4",
      "needsInterop": false
    }
  },
  "chunks": {
    "chunk-GUVMNADY": {
      "file": "chunk-GUVMNADY.js"
    },
    "chunk-R7KI6TWR": {
      "file": "chunk-R7KI6TWR.js"
    }
  }
}