{
  "hash": "33de2a33",
  "configHash": "1bc7f1ce",
  "lockfileHash": "49f30bba",
  "browserHash": "520e28f5",
  "optimized": {
    "@angular/common": {
      "src": "../../../../../../node_modules/@angular/common/fesm2022/common.mjs",
      "file": "@angular_common.js",
      "fileHash": "c6f1c9b5",
      "needsInterop": false
    },
    "@angular/core": {
      "src": "../../../../../../node_modules/@angular/core/fesm2022/core.mjs",
      "file": "@angular_core.js",
      "fileHash": "eff3cc1a",
      "needsInterop": false
    },
    "@angular/platform-browser": {
      "src": "../../../../../../node_modules/@angular/platform-browser/fesm2022/platform-browser.mjs",
      "file": "@angular_platform-browser.js",
      "fileHash": "62a5c2f6",
      "needsInterop": false
    },
    "@angular/router": {
      "src": "../../../../../../node_modules/@angular/router/fesm2022/router.mjs",
      "file": "@angular_router.js",
      "fileHash": "5b739f59",
      "needsInterop": false
    }
  },
  "chunks": {
    "chunk-SVEH2JOZ": {
      "file": "chunk-SVEH2JOZ.js"
    },
    "chunk-NYZDJPOO": {
      "file": "chunk-NYZDJPOO.js"
    },
    "chunk-VSF4W2WL": {
      "file": "chunk-VSF4W2WL.js"
    }
  }
}